{
"lengthUnit": "mil",
"components": {
	"fields": ["COMPONENT_NO", "COMPONENT_NAME", "LAYER", "X_COORDINATE", "Y_COORDINATE", "ANGLE"],
	"rows": [
		[1, "C1", "T", 600.39, 334.64, 180],
		[2, "C2", "T", 659.45, 2181.1, 0],
		[3, "C3", "T", 1612.2, 62.99, 0],
		[4, "CN1", "T", 2785.43, 712.6, 90],
		[5, "CN2", "T", 2783.46, 1875.98, 90],
		[6, "CN3", "T", 2281.49, 283.46, 0],
		[7, "CN4", "T", 1505.9, 281.5, 0],
		[8, "CN5", "T", 2785.43, 1251.97, 90],
		[9, "J1", "T", 1260.23, 2230.31, 180],
		[10, "J2", "T", 1485.82, 2230.31, 0],
		[11, "J3", "T", 1883.85, 2232.28, 0],
		[12, "RV1", "T", 2832.67, 370.08, 270],
		[13, "U1", "T", 409.45, 1255.9, 270],
		[14, "U2", "T", 1614.17, 1336.61, 0],
		[15, "TPJLC", "T", 2690.94, 133.86, 0],
		[16, "TPJLC2", "B", 2690.94, 133.86, 0]
	]
},
"pins": {
	"fields": ["PIN_NO", "PIN_NAME", "PIN_X", "PIN_Y", "LAYER", "PIN_TYPE", "NET_NAME", "NET_TYPE", "PAD_SHAPE", "PAD_SIZEX", "PAD_SIZEY", "HOLE_SIZE", "PAD_ANGLE"],
	"rows": [
		[1, "C1_1", 700.39, 334.64, "T", "DIP", "GND", "GND", "C", 51.18, 51.18, 28, 0],
		[2, "C1_1", 700.39, 334.64, "B", "DIP", "GND", "GND", "C", 51.18, 51.18, 28, 0],
		[3, "C1_2", 500.39, 334.64, "T", "DIP", "$1N4", "", "C", 51.18, 51.18, 28, 0],
		[4, "C1_2", 500.39, 334.64, "B", "DIP", "$1N4", "", "C", 51.18, 51.18, 28, 0],
		[5, "C2_1", 559.45, 2181.1, "T", "DIP", "+5V", "", "C", 51.18, 51.18, 28, 180],
		[6, "C2_1", 559.45, 2181.1, "B", "DIP", "+5V", "", "C", 51.18, 51.18, 28, 180],
		[7, "C2_2", 759.45, 2181.1, "T", "DIP", "GND", "GND", "C", 51.18, 51.18, 28, 180],
		[8, "C2_2", 759.45, 2181.1, "B", "DIP", "GND", "GND", "C", 51.18, 51.18, 28, 180],
		[9, "C3_1", 1512.2, 62.99, "T", "DIP", "+5V", "", "C", 51.18, 51.18, 28, 180],
		[10, "C3_1", 1512.2, 62.99, "B", "DIP", "+5V", "", "C", 51.18, 51.18, 28, 180],
		[11, "C3_2", 1712.2, 62.99, "T", "DIP", "GND", "GND", "C", 51.18, 51.18, 28, 180],
		[12, "C3_2", 1712.2, 62.99, "B", "DIP", "GND", "GND", "C", 51.18, 51.18, 28, 180],
		[13, "CN1_1", 2785.43, 762.6, "T", "DIP", "$1N7207", "", "C", 66.93, 66.93, 39.37, 270],
		[14, "CN1_1", 2785.43, 762.6, "B", "DIP", "$1N7207", "", "C", 66.93, 66.93, 39.37, 270],
		[15, "CN1_2", 2785.43, 662.6, "T", "DIP", "GND", "GND", "C", 66.93, 66.93, 39.37, 270],
		[16, "CN1_2", 2785.43, 662.6, "B", "DIP", "GND", "GND", "C", 66.93, 66.93, 39.37, 270],
		[17, "CN2_1", 2783.46, 1925.98, "T", "DIP", "OUT1", "", "C", 66.93, 66.93, 39.37, 270],
		[18, "CN2_1", 2783.46, 1925.98, "B", "DIP", "OUT1", "", "C", 66.93, 66.93, 39.37, 270],
		[19, "CN2_2", 2783.46, 1825.98, "T", "DIP", "GND", "GND", "C", 66.93, 66.93, 39.37, 270],
		[20, "CN2_2", 2783.46, 1825.98, "B", "DIP", "GND", "GND", "C", 66.93, 66.93, 39.37, 270],
		[21, "CN3_1", 2481.49, 283.46, "T", "DIP", "$1N6076", "", "R", 70.87, 70.87, 47.24, 180],
		[22, "CN3_1", 2481.49, 283.46, "B", "DIP", "$1N6076", "", "R", 70.87, 70.87, 47.24, 180],
		[23, "CN3_2", 2381.49, 283.46, "T", "DIP", "GND", "GND", "C", 70.87, 70.87, 47.24, 180],
		[24, "CN3_2", 2381.49, 283.46, "B", "DIP", "GND", "GND", "C", 70.87, 70.87, 47.24, 180],
		[25, "CN3_3", 2281.49, 283.46, "T", "DIP", "$1N6065", "", "C", 70.87, 70.87, 47.24, 180],
		[26, "CN3_3", 2281.49, 283.46, "B", "DIP", "$1N6065", "", "C", 70.87, 70.87, 47.24, 180],
		[27, "CN3_4", 2181.49, 283.46, "T", "DIP", "$1N6054", "", "C", 70.87, 70.87, 47.24, 180],
		[28, "CN3_4", 2181.49, 283.46, "B", "DIP", "$1N6054", "", "C", 70.87, 70.87, 47.24, 180],
		[29, "CN3_5", 2081.49, 283.46, "T", "DIP", "GND", "GND", "C", 70.87, 70.87, 47.24, 180],
		[30, "CN3_5", 2081.49, 283.46, "B", "DIP", "GND", "GND", "C", 70.87, 70.87, 47.24, 180],
		[31, "CN4_1", 1655.9, 281.5, "T", "DIP", "GND", "GND", "C", 66.93, 66.93, 39.37, 0],
		[32, "CN4_1", 1655.9, 281.5, "B", "DIP", "GND", "GND", "C", 66.93, 66.93, 39.37, 0],
		[33, "CN4_2", 1555.9, 281.5, "T", "DIP", "+5V", "", "C", 66.93, 66.93, 39.37, 0],
		[34, "CN4_2", 1555.9, 281.5, "B", "DIP", "+5V", "", "C", 66.93, 66.93, 39.37, 0],
		[35, "CN4_3", 1455.9, 281.5, "T", "DIP", "$1N5032", "", "C", 66.93, 66.93, 39.37, 0],
		[36, "CN4_3", 1455.9, 281.5, "B", "DIP", "$1N5032", "", "C", 66.93, 66.93, 39.37, 0],
		[37, "CN4_4", 1355.9, 281.5, "T", "DIP", "$1N5038", "", "C", 66.93, 66.93, 39.37, 0],
		[38, "CN4_4", 1355.9, 281.5, "B", "DIP", "$1N5038", "", "C", 66.93, 66.93, 39.37, 0],
		[39, "CN5_1", 2785.43, 1401.97, "T", "DIP", "12V", "", "C", 66.93, 66.93, 39.37, 90],
		[40, "CN5_1", 2785.43, 1401.97, "B", "DIP", "12V", "", "C", 66.93, 66.93, 39.37, 90],
		[41, "CN5_2", 2785.43, 1301.97, "T", "DIP", "GND", "GND", "C", 66.93, 66.93, 39.37, 90],
		[42, "CN5_2", 2785.43, 1301.97, "B", "DIP", "GND", "GND", "C", 66.93, 66.93, 39.37, 90],
		[43, "CN5_3", 2785.43, 1201.97, "T", "DIP", "$1N7207", "", "C", 66.93, 66.93, 39.37, 90],
		[44, "CN5_3", 2785.43, 1201.97, "B", "DIP", "$1N7207", "", "C", 66.93, 66.93, 39.37, 90],
		[45, "CN5_4", 2785.43, 1101.97, "T", "DIP", "$1N7207", "", "C", 66.93, 66.93, 39.37, 90],
		[46, "CN5_4", 2785.43, 1101.97, "B", "DIP", "$1N7207", "", "C", 66.93, 66.93, 39.37, 90],
		[47, "J1_1", 1310.23, 2230.31, "T", "DIP", "IN3", "", "R", 66.93, 62, 43.31, 180],
		[48, "J1_1", 1310.23, 2230.31, "B", "DIP", "IN3", "", "R", 66.93, 62, 43.31, 180],
		[49, "J1_2", 1210.23, 2230.31, "T", "DIP", "GND", "GND", "C", 66.93, 66.93, 43.31, 180],
		[50, "J1_2", 1210.23, 2230.31, "B", "DIP", "GND", "GND", "C", 66.93, 66.93, 43.31, 180],
		[51, "J2_1", 1435.82, 2230.31, "T", "DIP", "+5V", "", "R", 66.93, 62, 43.31, 0],
		[52, "J2_1", 1435.82, 2230.31, "B", "DIP", "+5V", "", "R", 66.93, 62, 43.31, 0],
		[53, "J2_2", 1535.82, 2230.31, "T", "DIP", "IN1", "", "C", 66.93, 66.93, 43.31, 0],
		[54, "J2_2", 1535.82, 2230.31, "B", "DIP", "IN1", "", "C", 66.93, 66.93, 43.31, 0],
		[55, "J3_1", 1833.85, 2232.28, "T", "DIP", "+5V", "", "R", 66.93, 62, 43.31, 0],
		[56, "J3_1", 1833.85, 2232.28, "B", "DIP", "+5V", "", "R", 66.93, 62, 43.31, 0],
		[57, "J3_2", 1933.85, 2232.28, "T", "DIP", "ENB", "", "C", 66.93, 66.93, 43.31, 0],
		[58, "J3_2", 1933.85, 2232.28, "B", "DIP", "ENB", "", "C", 66.93, 66.93, 43.31, 0],
		[59, "RV1_1", 2931.09, 370.08, "T", "DIP", "OUT1", "", "C", 60, 60, 30, 180],
		[60, "RV1_1", 2931.09, 370.08, "B", "DIP", "OUT1", "", "C", 60, 60, 30, 180],
		[61, "RV1_2", 2832.66, 370.08, "T", "DIP", "$1N4", "", "C", 60, 60, 30, 180],
		[62, "RV1_2", 2832.66, 370.08, "B", "DIP", "$1N4", "", "C", 60, 60, 30, 180],
		[63, "RV1_3", 2734.24, 370.08, "T", "DIP", "GND", "GND", "C", 60, 60, 30, 180],
		[64, "RV1_3", 2734.24, 370.08, "B", "DIP", "GND", "GND", "C", 60, 60, 30, 180],
		[65, "U1_1", 709.45, 555.9, "T", "DIP", "U1_1", "", "R", 62.99, 62.99, 35.43, 270],
		[66, "U1_1", 709.45, 555.9, "B", "DIP", "U1_1", "", "R", 62.99, 62.99, 35.43, 270],
		[67, "U1_2", 709.45, 655.9, "T", "DIP", "U1_2", "", "C", 62.99, 62.99, 35.43, 270],
		[68, "U1_2", 709.45, 655.9, "B", "DIP", "U1_2", "", "C", 62.99, 62.99, 35.43, 270],
		[69, "U1_3", 709.45, 755.9, "T", "DIP", "U1_3", "", "C", 62.99, 62.99, 35.43, 270],
		[70, "U1_3", 709.45, 755.9, "B", "DIP", "U1_3", "", "C", 62.99, 62.99, 35.43, 270],
		[71, "U1_4", 709.45, 855.9, "T", "DIP", "U1_4", "", "C", 62.99, 62.99, 35.43, 270],
		[72, "U1_4", 709.45, 855.9, "B", "DIP", "U1_4", "", "C", 62.99, 62.99, 35.43, 270],
		[73, "U1_5", 709.45, 955.9, "T", "DIP", "$1N6076", "", "C", 62.99, 62.99, 35.43, 270],
		[74, "U1_5", 709.45, 955.9, "B", "DIP", "$1N6076", "", "C", 62.99, 62.99, 35.43, 270],
		[75, "U1_6", 709.45, 1055.9, "T", "DIP", "$1N6065", "", "C", 62.99, 62.99, 35.43, 270],
		[76, "U1_6", 709.45, 1055.9, "B", "DIP", "$1N6065", "", "C", 62.99, 62.99, 35.43, 270],
		[77, "U1_7", 709.45, 1155.9, "T", "DIP", "$1N6054", "", "C", 62.99, 62.99, 35.43, 270],
		[78, "U1_7", 709.45, 1155.9, "B", "DIP", "$1N6054", "", "C", 62.99, 62.99, 35.43, 270],
		[79, "U1_8", 709.45, 1255.9, "T", "DIP", "U1_8", "", "C", 62.99, 62.99, 35.43, 270],
		[80, "U1_8", 709.45, 1255.9, "B", "DIP", "U1_8", "", "C", 62.99, 62.99, 35.43, 270],
		[81, "U1_9", 709.45, 1355.9, "T", "DIP", "ENB", "", "C", 62.99, 62.99, 35.43, 270],
		[82, "U1_9", 709.45, 1355.9, "B", "DIP", "ENB", "", "C", 62.99, 62.99, 35.43, 270],
		[83, "U1_10", 709.45, 1455.9, "T", "DIP", "U1_10", "", "C", 62.99, 62.99, 35.43, 270],
		[84, "U1_10", 709.45, 1455.9, "B", "DIP", "U1_10", "", "C", 62.99, 62.99, 35.43, 270],
		[85, "U1_11", 709.45, 1555.9, "T", "DIP", "U1_11", "", "C", 62.99, 62.99, 35.43, 270],
		[86, "U1_11", 709.45, 1555.9, "B", "DIP", "U1_11", "", "C", 62.99, 62.99, 35.43, 270],
		[87, "U1_12", 709.45, 1655.9, "T", "DIP", "IN1", "", "C", 62.99, 62.99, 35.43, 270],
		[88, "U1_12", 709.45, 1655.9, "B", "DIP", "IN1", "", "C", 62.99, 62.99, 35.43, 270],
		[89, "U1_13", 709.45, 1755.9, "T", "DIP", "IN3", "", "C", 62.99, 62.99, 35.43, 270],
		[90, "U1_13", 709.45, 1755.9, "B", "DIP", "IN3", "", "C", 62.99, 62.99, 35.43, 270],
		[91, "U1_14", 709.45, 1855.9, "T", "DIP", "U1_14", "", "C", 62.99, 62.99, 35.43, 270],
		[92, "U1_14", 709.45, 1855.9, "B", "DIP", "U1_14", "", "C", 62.99, 62.99, 35.43, 270],
		[93, "U1_15", 709.45, 1955.9, "T", "DIP", "U1_15", "", "C", 62.99, 62.99, 35.43, 270],
		[94, "U1_15", 709.45, 1955.9, "B", "DIP", "U1_15", "", "C", 62.99, 62.99, 35.43, 270],
		[95, "U1_16", 109.45, 1955.9, "T", "DIP", "U1_16", "", "C", 62.99, 62.99, 35.43, 270],
		[96, "U1_16", 109.45, 1955.9, "B", "DIP", "U1_16", "", "C", 62.99, 62.99, 35.43, 270],
		[97, "U1_17", 109.45, 1855.9, "T", "DIP", "U1_17", "", "C", 62.99, 62.99, 35.43, 270],
		[98, "U1_17", 109.45, 1855.9, "B", "DIP", "U1_17", "", "C", 62.99, 62.99, 35.43, 270],
		[99, "U1_18", 109.45, 1755.9, "T", "DIP", "U1_18", "", "C", 62.99, 62.99, 35.43, 270],
		[100, "U1_18", 109.45, 1755.9, "B", "DIP", "U1_18", "", "C", 62.99, 62.99, 35.43, 270],
		[101, "U1_19", 109.45, 1655.9, "T", "DIP", "$1N4", "", "C", 62.99, 62.99, 35.43, 270],
		[102, "U1_19", 109.45, 1655.9, "B", "DIP", "$1N4", "", "C", 62.99, 62.99, 35.43, 270],
		[103, "U1_20", 109.45, 1555.9, "T", "DIP", "U1_20", "", "C", 62.99, 62.99, 35.43, 270],
		[104, "U1_20", 109.45, 1555.9, "B", "DIP", "U1_20", "", "C", 62.99, 62.99, 35.43, 270],
		[105, "U1_21", 109.45, 1455.9, "T", "DIP", "U1_21", "", "C", 62.99, 62.99, 35.43, 270],
		[106, "U1_21", 109.45, 1455.9, "B", "DIP", "U1_21", "", "C", 62.99, 62.99, 35.43, 270],
		[107, "U1_22", 109.45, 1355.9, "T", "DIP", "U1_22", "", "C", 62.99, 62.99, 35.43, 270],
		[108, "U1_22", 109.45, 1355.9, "B", "DIP", "U1_22", "", "C", 62.99, 62.99, 35.43, 270],
		[109, "U1_23", 109.45, 1255.9, "T", "DIP", "$1N5032", "", "C", 62.99, 62.99, 35.43, 270],
		[110, "U1_23", 109.45, 1255.9, "B", "DIP", "$1N5032", "", "C", 62.99, 62.99, 35.43, 270],
		[111, "U1_24", 109.45, 1155.9, "T", "DIP", "$1N5038", "", "C", 62.99, 62.99, 35.43, 270],
		[112, "U1_24", 109.45, 1155.9, "B", "DIP", "$1N5038", "", "C", 62.99, 62.99, 35.43, 270],
		[113, "U1_25", 109.45, 1055.9, "T", "DIP", "U1_25", "", "C", 62.99, 62.99, 35.43, 270],
		[114, "U1_25", 109.45, 1055.9, "B", "DIP", "U1_25", "", "C", 62.99, 62.99, 35.43, 270],
		[115, "U1_26", 109.45, 955.9, "T", "DIP", "U1_26", "", "C", 62.99, 62.99, 35.43, 270],
		[116, "U1_26", 109.45, 955.9, "B", "DIP", "U1_26", "", "C", 62.99, 62.99, 35.43, 270],
		[117, "U1_27", 109.45, 855.9, "T", "DIP", "+5V", "", "C", 62.99, 62.99, 35.43, 270],
		[118, "U1_27", 109.45, 855.9, "B", "DIP", "+5V", "", "C", 62.99, 62.99, 35.43, 270],
		[119, "U1_28", 109.45, 755.9, "T", "DIP", "U1_28", "", "C", 62.99, 62.99, 35.43, 270],
		[120, "U1_28", 109.45, 755.9, "B", "DIP", "U1_28", "", "C", 62.99, 62.99, 35.43, 270],
		[121, "U1_29", 109.45, 655.9, "T", "DIP", "GND", "GND", "C", 62.99, 62.99, 35.43, 270],
		[122, "U1_29", 109.45, 655.9, "B", "DIP", "GND", "GND", "C", 62.99, 62.99, 35.43, 270],
		[123, "U1_30", 109.45, 555.9, "T", "DIP", "U1_30", "", "R", 62.99, 62.99, 35.43, 270],
		[124, "U1_30", 109.45, 555.9, "B", "DIP", "U1_30", "", "R", 62.99, 62.99, 35.43, 270],
		[125, "U2_1", 2359.72, 1463.11, "T", "DIP", "OUT1", "", "C", 74.8, 74.8, 66.93, 0],
		[126, "U2_1", 2359.72, 1463.11, "B", "DIP", "OUT1", "", "C", 98.43, 98.43, 66.93, 0],
		[127, "U2_2", 2359.17, 1661.61, "T", "DIP", "GND", "GND", "C", 74.8, 74.8, 66.93, 0],
		[128, "U2_2", 2359.17, 1661.61, "B", "DIP", "GND", "GND", "C", 98.43, 98.43, 66.93, 0],
		[129, "U2_3", 2179.29, 1978.22, "T", "DIP", "12V", "", "C", 74.8, 74.8, 66.93, 0],
		[130, "U2_3", 2179.29, 1978.22, "B", "DIP", "12V", "", "C", 98.43, 98.43, 66.93, 0],
		[131, "U2_4", 1984.17, 1978.22, "T", "DIP", "GND", "GND", "C", 74.8, 74.8, 66.93, 0],
		[132, "U2_4", 1984.17, 1978.22, "B", "DIP", "GND", "GND", "C", 98.43, 98.43, 66.93, 0],
		[133, "U2_5", 1788.11, 1978.22, "T", "DIP", "+5V", "", "C", 74.8, 74.8, 66.93, 0],
		[134, "U2_5", 1788.11, 1978.22, "B", "DIP", "+5V", "", "C", 98.43, 98.43, 66.93, 0],
		[135, "U2_6", 1609.17, 2029.09, "T", "DIP", "ENB", "", "C", 51.18, 51.18, 51.18, 0],
		[136, "U2_6", 1609.17, 2029.09, "B", "DIP", "ENB", "", "C", 70.87, 70.87, 51.18, 0],
		[137, "U2_7", 1509.17, 2029.09, "T", "DIP", "IN1", "", "C", 51.18, 51.18, 51.18, 0],
		[138, "U2_7", 1509.17, 2029.09, "B", "DIP", "IN1", "", "C", 70.87, 70.87, 51.18, 0],
		[139, "U2_8", 1409.17, 2029.09, "T", "DIP", "IN3", "", "C", 51.18, 51.18, 51.18, 0],
		[140, "U2_8", 1409.17, 2029.09, "B", "DIP", "IN3", "", "C", 70.87, 70.87, 51.18, 0],
		[141, "U2_9", 1309.17, 2029.09, "T", "DIP", "IN3", "", "C", 51.18, 51.18, 51.18, 0],
		[142, "U2_9", 1309.17, 2029.09, "B", "DIP", "IN3", "", "C", 70.87, 70.87, 51.18, 0],
		[143, "U2_10", 1209.17, 2029.09, "T", "DIP", "IN1", "", "C", 51.18, 51.18, 51.18, 0],
		[144, "U2_10", 1209.17, 2029.09, "B", "DIP", "IN1", "", "C", 70.87, 70.87, 51.18, 0],
		[145, "U2_11", 1109.17, 2029.09, "T", "DIP", "ENB", "", "C", 51.18, 51.18, 51.18, 0],
		[146, "U2_11", 1109.17, 2029.09, "B", "DIP", "ENB", "", "C", 70.87, 70.87, 51.18, 0],
		[147, "U2_12", 993.7, 1659.96, "T", "DIP", "GND", "GND", "C", 74.8, 74.8, 66.93, 0],
		[148, "U2_12", 993.7, 1659.96, "B", "DIP", "GND", "GND", "C", 98.43, 98.43, 66.93, 0],
		[149, "U2_13", 993.7, 1463.11, "T", "DIP", "OUT1", "", "C", 74.8, 74.8, 66.93, 0],
		[150, "U2_13", 993.7, 1463.11, "B", "DIP", "OUT1", "", "C", 98.43, 98.43, 66.93, 0],
		[151, "U2_14", 1109.17, 1929.09, "T", "DIP", "U2_14", "", "C", 51.18, 51.18, 59.06, 0],
		[152, "U2_14", 1109.17, 1929.09, "B", "DIP", "U2_14", "", "C", 51.18, 51.18, 59.06, 0],
		[153, "U2_15", 1609.17, 1929.09, "T", "DIP", "U2_15", "", "C", 51.18, 51.18, 59.06, 0],
		[154, "U2_15", 1609.17, 1929.09, "B", "DIP", "U2_15", "", "C", 51.18, 51.18, 59.06, 0],
		[155, "U2_16", 2127.95, 1712.59, "T", "DIP", "U2_16", "", "C", 70.87, 70.87, 62.99, 0],
		[156, "U2_16", 2127.95, 1712.59, "B", "DIP", "U2_16", "", "C", 90.55, 90.55, 62.99, 0],
		[157, "U2_17", 2027.95, 1712.59, "T", "DIP", "U2_17", "", "C", 70.87, 70.87, 62.99, 0],
		[158, "U2_17", 2027.95, 1712.59, "B", "DIP", "U2_17", "", "C", 90.55, 90.55, 62.99, 0],
		[159, "TPJLC_TP1", 2690.94, 133.86, "T", "TP", "$1N4", "", "C", 78.74, 78.74, 47.24, 0],
		[160, "TPJLC2_TP1", 2690.94, 133.86, "B", "TP", "$1N4", "", "C", 78.74, 78.74, 47.24, 0],
		[161, "TPJLC_TP2", 1872.04, 198.82, "T", "TP", "GND", "GND", "C", 78.74, 78.74, 47.24, 0],
		[162, "TPJLC2_TP2", 1872.04, 198.82, "B", "TP", "GND", "GND", "C", 78.74, 78.74, 47.24, 0],
		[163, "TPJLC_TP2", 862.2, 2192.91, "T", "TP", "+5V", "", "C", 78.74, 78.74, 47.24, 0],
		[164, "TPJLC2_TP2", 862.2, 2192.91, "B", "TP", "+5V", "", "C", 78.74, 78.74, 47.24, 0],
		[165, "TPJLC_TP1", 2728.34, 2198.81, "T", "TP", "OUT1", "", "C", 78.74, 78.74, 47.24, 0],
		[166, "TPJLC2_TP1", 2728.34, 2198.81, "B", "TP", "OUT1", "", "C", 78.74, 78.74, 47.24, 0]
	]
}
}